{
"simpledialog.yrliet.greet.answer.sex":"\"Yrliet, I can't meditate, because I can't clear my mind. I have all these sexual thoughts about you and they fill my mind.\"",
"simpledialog.yrliet.loop.sex":"{n}Yrliet slightly raises one of her eyebrows, then slowly starts talking, as if she were talking about a secret cooking recipe only known to a select few. {/n}\"I could give you a long and thorough blowjob, Elantach, every time before we meditate together, but I hope you realize that in the case of any other mon-keigh that would be practically zoophilia on my part. But in your case, being an evolved being, I don't necessarily mind it at all, if you don't mind it either. I would feel honored to allow the eruption of your seminal fluids to grace my taste buds with their presence. Wouldn't you know that in some Aeldari circles, such a delicacy (and the traditional way of acquiring it) is considered an exquisite culinary treat?\"",
"simpledialog.yrliet.answer.sex":"\"Sweet! I don't mind it at all!\"",
"simpledialog.yrliet.loop.1":"{n}Most of the fluids filled up her mouth, but at some point, the forceful tension caused the virile manhood to pop out of the embrace of her lips and spray all over her face and chest. Still, one eye shut, closed by the viscous nature of the liquid, she used her long and elegant finger to scoop it off from wherever she could, then she licked it off, savoring it like it was some millennia-old wine. Finally, she sighs: {/n}\"That was exquisite, {name}...\"",
"simpledialog.yrliet.exit":"\"Maybe next time.\"",
"simpledialog.yrliet.exit.response":"\"Namárië, Elantach!\""
}